Trait_category,,Trait_name,Subtrait,,,,Frequency,Description (if required),,,,,
Site environment,1,synonyms,,,,,,,,,,,
Site environment,2,family,,,,,,,,,,,
Site environment,3,common_name,,,,,,,,,,,
Site environment,4,light_level,fullsun,light_levelfullsun,4686,4,,,,,,,
Site environment,5,light_level,partshade,light_levelpartshade,2097,5,,,,,,,
Site environment,6,light_level,fullshade,light_levelfullshade,476,6,,,,,,,
Site environment,7,light_level,lightshade,light_levellightshade,1437,7,,,,,,,
Site environment,8,frost_tolerance,Yes,frost_toleranceYes,1800,8,1800,"Includes ""frost tolerance"" and ""heavy frost tolerance""",,,,,
Site environment,9,frost_tolerance,No,frost_toleranceNo,1012,9,1012,,,,,,
Site environment,10,lightfrost_tolerance,Yes,lightfrost_toleranceYes,1276,10,1276,"e.g. Temperatures  ~ 0 to -5 degrees C or ""light frosts"" if specified",,,,,
Site environment,11,lightfrost_tolerance,No,lightfrost_toleranceNo,5,11,5,,,,,,
Site environment,12,severedrought_tolerance,Yes,severedrought_toleranceYes,216,12,216,e.g. Desiccation tolerance,,,,,
Site environment,13,severedrought_tolerance,No,severedrought_toleranceNo,73,13,73,,,,,,
Site environment,14,drought_tolerance,Yes,drought_toleranceYes,1729,14,1729,tolerate dry periods,,,,,
Site environment,15,drought_tolerance,No,drought_toleranceNo,364,15,364,e.g. needs regular watering during dry weather,,,,,
Site environment,16,salinity_tolerance,Yes,salinity_toleranceYes,356,16,356,e.g.tolerates saline soils,,,,,
Site environment,17,salinity_tolerance,No,salinity_toleranceNo,234,17,234,e.g. sensative to salinity,,,,,
Site environment,18,wind_tolerance,Yes,wind_toleranceYes,689,18,689,,,,,,
Site environment,19,wind_tolerance,No,wind_toleranceNo,530,19,530,e.g. requires sheltered position,,,,,
Site environment,20,heat_tolerance,Yes,heat_toleranceYes,337,20,337,,,,,,
Site environment,21,heat_tolerance,No,heat_toleranceNo,101,21,101,,,,,,
Site environment,22,pollution_tolerance,Yes,pollution_toleranceYes,261,22,261,e.g. tolerates urban pollution,,,,,
Site environment,23,pollution_tolerance,No,pollution_toleranceNo,13,23,13,,,,,,
Site environment,24,coastal_tolerance,Yes,coastal_toleranceYes,817,24,817,e.g. tolerates salt-laden wind,,,,,
Site environment,25,coastal_tolerance,No,coastal_toleranceNo,50,25,50,,,,,,
Site environment,26,frequentwaterlogging,Yes,frequentwaterloggingYes,32,26,32,e.g. boggy marshy environments,,,,,
Site environment,27,frequentwaterlogging,No,frequentwaterloggingNo,7,27,7,,,,,,
Site environment,28,waterlogging_tolerance,Yes,waterlogging_toleranceYes,201,28,201,e.g. periodic inundation or flooding,,,,,
Site environment,29,waterlogging_tolerance,No,waterlogging_toleranceNo,131,29,131,e.g. sensative to waterlogging,,,,,
Site environment,30,shade_tolerance,Yes,shade_toleranceYes,78,30,78,"similar to ""fullshade"" in ""light_level"" Trait name",,,,,
Site environment,31,shade_tolerance,No,shade_toleranceNo,110,31,110,e.g. does not do well in shade,,,,,
Site environment,32,soilcompaction_tolerance,Yes,soilcompaction_toleranceYes,70,32,70,,,,,,
Site environment,33,soilcompaction_tolerance,No,soilcompaction_toleranceNo,27,33,27,,,,,,
Site environment,34,soil_type,sand,soil_typesand,2398,34,,,,,,,
Site environment,35,soil_type,loam,soil_typeloam,2537,35,,,,,,,
Site environment,36,soil_type,clay,soil_typeclay,1652,36,,,,,,,
Site environment,37,soil_type,gravel,soil_typegravel,104,37,,,,,,,
Site environment,38,soil_type,clay_loam,soil_typeclay_loam,417,38,,,,,,,
Site environment,39,soil_type,sand_loam,soil_typesand_loam,549,39,549,,,,,,
Site environment,40,soil_volume,<1m3,,0,,,,,470,,,
Site environment,41,soil_volume,1_10,soil_volume1_10,9,41,,,,471,,,
Site environment,42,soil_volume,10_20,soil_volume10_20,11,42,,,,472,,,
Site environment,43,soil_volume,20_30,soil_volume20_30,10,43,,,,473,,,
Site environment,44,soil_volume,30_40,soil_volume30_40,10,44,,,,474,,,
Site environment,45,soil_volume,40_60,soil_volume40_60,9,45,,,,475,,,
Site environment,46,soil_volume,60_80,soil_volume60_80,24,46,,,,476,,,
Site environment,47,soil_volume,80_100,soil_volume80_100,4,47,,,,477,,,
Site environment,48,soil_volume,>100m3,soil_volume>100m3,10,48,,,,478,,,
Site environment,49,soil_volume,deep,soil_volumedeep,10,49,,"Residual from ""root_depth"" trait that was removed after speaking to Tim from Andreasons",,479,,,
Site environment,50,soil_volume,average,soil_volumeaverage,6,50,,"Residual from ""root_depth"" trait that was removed after speaking to Tim from Andreasons",,480,,,
Site environment,51,soil_volume,shallow,soil_volumeshallow,11,51,,"Residual from ""root_depth"" trait that was removed after speaking to Tim from Andreasons",,481,,,
Site environment,52,soil_character,welldrained,soil_characterwelldrained,788,52,,,,482,,,
Site environment,53,soil_character,moist,soil_charactermoist,338,53,,,,483,,,
Site environment,54,soil_character,fertile,soil_characterfertile,38,54,,,,484,,,
Site environment,55,soil_character,most,soil_charactermost,295,55,,e.g. grows in most soils,,485,,,
Site environment,56,soil_fertility,low,soil_fertilitylow,360,56,,poor soils,,486,,,
Site environment,57,soil_fertility,medium,soil_fertilitymedium,126,57,,moderately fertile,,487,,,
Site environment,58,soil_fertility,high,soil_fertilityhigh,78,58,,e.g. fertile soils,,488,,,
Site environment,59,soil_fertility,any,soil_fertilityany,213,59,,,,489,,,
Site environment,60,soil_pH,acid,soil_pHacid,1766,60,,,,490,,,
Site environment,61,soil_pH,neutral,soil_pHneutral,1968,61,,,,491,,,
Site environment,62,soil_pH,alkaline,soil_pHalkaline,1465,62,,,,492,,,
Site environment,63,soil_pH,slight_acid,soil_pHslight_acid,62,63,,,,493,,,
Site environment,64,soil_pH,slight_alkaline,soil_pHslight_alkaline,87,64,,,,494,,,
Site environment,65,soil_pH,most_pH,,,,,,,495,,,
Site environment,66,establishment_care,frostprotection,establishment_carefrostprotection,97,66,,e.g. Protect from frost when young,,496,,,
Site environment,67,establishment_care,windprotection,establishment_carewindprotection,24,67,,e.g. Sheltered position when young,,497,,,
Site environment,68,establishment_care,water,establishment_carewater,215,68,,e.g. water well during establishment,,498,,,
Site environment,69,establishment_care,grafting,establishment_caregrafting,15,69,,e.g. commonly grafing is required,,499,,,
Site environment,70,establishment_care,pruning,establishment_carepruning,88,70,,e.g. formative pruning required,,500,,,
Site environment,71,establishment_care,part_shade,establishment_carepart_shade,12,71,,e.g. protect from full sun when young,,501,,,
Site environment,72,establishment_care,raised_bed,establishment_careraised_bed,4,72,,e.g. plant in a raised bed,,502,,,
Site environment,73,establishment_care,fertiliser,establishment_carefertiliser,25,73,,e.g. apply fertiliser when young,,503,,,
Site environment,74,establishment_care,staking,establishment_carestaking,8,74,,,,504,,,
Site environment,75,establishment_care,mulching,establishment_caremulching,40,75,,,,505,,,
Site environment,76,ideal_conditions,flowers_fullsun,ideal_conditionsflowers_fullsun,38,76,,"e.g. to maximise flowering, plant in full sun",,506,,,
Site environment,77,ideal_conditions,lateral_space,ideal_conditionslateral_space,68,77,,e.g. plant in an open location with plenty of room,,507,,,
Site environment,78,ideal_conditions,protected,ideal_conditionsprotected,64,78,,e.g. grows best in sheltered spot,,508,,,
Site environment,79,ideal_conditions,cool,ideal_conditionscool,116,79,,e.g. grows best in cool climates,,509,,,
Site environment,80,ideal_conditions,fullsun,ideal_conditionsfullsun,187,80,,,,510,,,
Site environment,81,ideal_conditions,moist,ideal_conditionsmoist,271,81,,e.g. keep well watered for best results,,511,,,
Site environment,82,ideal_conditions,well_drained,ideal_conditionswell_drained,275,82,,e.g. prefers well drained soil,,512,,,
Site environment,83,ideal_conditions,large_rootspace,ideal_conditionslarge_rootspace,17,83,,,,513,,,
Site environment,84,ideal_conditions,acidic,ideal_conditionsacidic,48,84,,acidic soils,,514,,,
Site environment,85,ideal_conditions,partshade,ideal_conditionspartshade,44,85,,,,515,,,
Site environment,86,ideal_conditions,fertile,ideal_conditionsfertile,156,86,,,,516,,,
Site environment,87,ideal_conditions,warm,ideal_conditionswarm,70,87,,grows best in warm climates,,517,,,
Site environment,88,ideal_conditions,neutral_pH,ideal_conditionsneutral_pH,3,88,,,,518,,,
Site environment,89,ideal_conditions,clay_soil,ideal_conditionsclay_soil,10,89,,,,519,,,
Site environment,90,ideal_conditions,sandy_soil,ideal_conditionssandy_soil,15,90,,,,520,,,
Site environment,91,ideal_conditions,alkaline,ideal_conditionsalkaline,8,91,,alkaline soils,,521,,,
Site environment,92,ideal_conditions,poorly_drained,ideal_conditionspoorly_drained,47,92,,,,522,,,
Site environment,93,ideal_conditions,loamy_soils,ideal_conditionsloamy_soils,47,93,,,,523,,,
Site environment,94,ideal_conditions,variable,ideal_conditionsvariable,1,94,,grows best in a range of conditions,,524,,,
Aesthetics,95,habit,upright,habitupright,218,95,,synonym: erect habit,,525,,,
Aesthetics,96,habit,weeping,habitweeping,84,96,,,,526,,,
Aesthetics,97,habit,pendulous,habitpendulous,23,97,,,,527,,,
Aesthetics,98,habit,prostrate,habitprostrate,16,98,,,,528,,,
Aesthetics,99,habit,hedging_possible,habithedging_possible,521,99,,e.g. can be grown a s a hedge/ hedging plant,,529,,,
Aesthetics,100,habit,bushy,habitbushy,113,100,,,,530,,,
Aesthetics,101,habit,rosette,habitrosette,15,101,, e.g. rosette of strappy leaves,,531,,,
Aesthetics,102,habit,narrow,habitnarrow,22,102,,,,532,,,
Aesthetics,103,habit,dense,habitdense,320,103,,,,533,,,
Aesthetics,104,habit,spreading,habitspreading,413,104,,,,534,,,
Aesthetics,105,habit,climbing,habitclimbing,1,105,,,,535,,,
Aesthetics,106,habit,clumping,habitclumping,100,106,,,,536,,,
Aesthetics,107,habit,arborescent,habitarborescent,11,107,,"tree like, used to describe palmtrees for example",,537,,,
Aesthetics,108,habit,branching,habitbranching,28,108,,,,538,,,
Aesthetics,109,habit,vigrous,habitvigrous,1,109,,,,539,,,
Aesthetics,110,habit,variable,habitvariable,33,110,,,,540,,,
Aesthetics,111,habit,compact,habitcompact,30,111,,,,541,,,
Aesthetics,112,habit,open,habitopen,115,112,,,,542,,,
Aesthetics,113,habit,vase_shaped,habitvase_shaped,2,113,,,,543,,,
Aesthetics,114,habit,shrubby,habitshrubby,10,114,,,,544,,,
Aesthetics,115,habit,low_growing,habitlow_growing,1,115,,,,545,,,
Aesthetics,116,habit,twisted,habittwisted,4,116,,,,546,,,
Aesthetics,117,habit,rounded,habitrounded,149,117,,,,547,,,
Aesthetics,118,multistem_development,Yes,multistem_developmentYes,189,118,189,e.g. is multi-trunked/mallee form/keep pruned to avoid multistemmed,,548,,,
Aesthetics,119,multistem_development,No,multistem_developmentNo,58,119,58,,,549,,,
Aesthetics,120,form,smallshrub,formsmallshrub,503,120,,,,550,,,
Aesthetics,121,form,medshrub,formmedshrub,371,121,,,,551,,,
Aesthetics,122,form,largeshrub,formlargeshrub,398,122,,,,552,,,
Aesthetics,123,form,smalltree,formsmalltree,429,123,,,,553,,,
Aesthetics,124,form,medtree,formmedtree,260,124,,,,554,,,
Aesthetics,125,form,largetree,formlargetree,319,125,,,,555,,,
Aesthetics,126,form,herb,formherb,38,126,,,,,,,
Aesthetics,127,form,climber,formclimber,200,127,,,,,,,
Aesthetics,128,form,palm,formpalm,115,128,,,,,,,
Aesthetics,129,form,grass,formgrass,227,129,,,,,,,
Aesthetics,130,form,cycad,formcycad,73,130,,,,,,,
Aesthetics,131,form,strap-leaved,formstrap-leaved,61,131,,,,,,,
Aesthetics,132,form,sedge,formsedge,3,132,,,,,,,
Aesthetics,133,form,succulent,formsucculent,105,133,,,,,,,
Aesthetics,134,form,perennial,formperennial,885,134,,,,,,,
Aesthetics,135,form,shrub,formshrub,1120,135,,,,,,,
Aesthetics,136,form,tree,formtree,605,136,,,,,,,
Aesthetics,137,form,fern,formfern,118,137,,,,,,,
Aesthetics,138,form,bulb,formbulb,140,138,,synonyms: corm/tuber,,,,,
Aesthetics,139,form,annual,formannual,565,139,,,,,,,
Aesthetics,140,form,vegetable,formvegetable,37,140,,,,,,,
Aesthetics,141,form,aquatic,formaquatic,5,141,,,,,,,
Aesthetics,142,form,orchid,formorchid,25,142,,,,,,,
Aesthetics,143,dimensions,climate_dependant,dimensionsclimate_dependant,14,143,,e.g. grows much larger in Brisbane than Sydney,,,,,
Aesthetics,144,dimensions,water_dependant,dimensionswater_dependant,12,144,,e.g. size depends on rainfall zone,,,,,
Aesthetics,145,dimensions,consistent,dimensionsconsistent,4,145,,,,,,,
Aesthetics,146,dimensions,variable_cultivars,dimensionsvariable_cultivars,61,146,,not consistently applied to all species (just when I've noticed this mentioned),,,,,
Aesthetics,147,dimensions,site_dependant,dimensionssite_dependant,55,147,,variable depending on microenvironment and space at the planting site,,,,,
Aesthetics,148,dimensions,seedstock_dependant,dimensionsseedstock_dependant,8,148,,e.g. depends on the origin of the seed,,,,,
Aesthetics,149,max_height_nature,meters,,,,,see previous tab,,,,,
Aesthetics,150,max_height,meters,,,,,see previous tab,,,,,
Aesthetics,151,height,meters,,,,,see previous tab,,,,,
Aesthetics,152,min_height,meters,,,,,see previous tab,,,,,
Aesthetics,153,max_width,meters,,,,,see previous tab,,,,,
Aesthetics,154,width,meters,,,,,see previous tab,,,,,
Aesthetics,155,min_width,meters,,,,,see previous tab,,,,,
Aesthetics,156,growth_rate,fast,growth_ratefast,1741,156,,or very fast,,,,,
Aesthetics,157,growth_rate,medium,growth_ratemedium,603,157,,e.g. normal/moderate,,,,,
Aesthetics,158,growth_rate,slow,growth_rateslow,277,158,,and very slow,,,,,
Aesthetics,159,growth_rate,climate_dependant,growth_rateclimate_dependant,7,159,,e.g. grows fast in warm climates,,,,,
Aesthetics,160,growth_rate,water_dependant,growth_ratewater_dependant,19,160,,,,,,,
Aesthetics,161,canopy_shape,pyramidal,canopy_shapepyramidal,71,161,,or conical,,,,,
Aesthetics,162,canopy_shape,vase,canopy_shapevase,21,162,,,,,,,
Aesthetics,163,canopy_shape,columnar,canopy_shapecolumnar,59,163,,,,,,,
Aesthetics,164,canopy_shape,oval,canopy_shapeoval,92,164,,,,,,,
Aesthetics,165,canopy_shape,rounded,canopy_shaperounded,212,165,,,,,,,
Aesthetics,166,canopy_shape,open,canopy_shapeopen,184,166,,,,,,,
Aesthetics,167,canopy_shape,spreading,canopy_shapespreading,107,167,,,,,,,
Aesthetics,168,canopy_shape,domed,canopy_shapedomed,57,168,,,,,,,
Aesthetics,169,shade,dense,shadedense,60,169,,e.g. dense foliage or dense canopy,,,,,
Aesthetics,170,shade,medium,shademedium,18,170,,,,,,,
Aesthetics,171,shade,light,shadelight,9,171,,e.g. provides dappled light shade,,,,,
Aesthetics,172,longevity,short (1 - 20 years),longevityshort (1 - 20 years),111,172,,,,,,,
Aesthetics,173,longevity,medium (20 -50 years),longevitymedium (20 -50 years),78,173,,,,,,,
Aesthetics,174,longevity,long (> 50 years),longevitylong (> 50 years),145,174,,,,,,,
Aesthetics,175,longevity,annual,longevityannual,9,175,,"same as ""form"" trait",,,,,
Aesthetics,176,longevity,biennial,longevitybiennial,8,176,,,,,,,
Aesthetics,177,leaf_loss,deciduous,leaf_lossdeciduous,340,177,,,,,,,
Aesthetics,178,leaf_loss,evergreen,leaf_lossevergreen,3298,178,,,,,,,
Aesthetics,179,leaf_loss,semi_deciduous,leaf_losssemi_deciduous,74,179,,,,,,,
Aesthetics,180,leaf_loss,water_dependant,leaf_losswater_dependant,6,180,,e.g. loses leaves in dry periods,,,,,
Aesthetics,181,leaf_loss,climate_dependant,leaf_lossclimate_dependant,17,181,,e.g. loses leaves in cold climates only,,,,,
Aesthetics,182,leaf_description,elliptical,leaf_descriptionelliptical,101,182,,leaf shape,,,,,
Aesthetics,183,leaf_description,round,leaf_descriptionround,16,183,,leaf shape,,,,,
Aesthetics,184,leaf_description,ovate,leaf_descriptionovate,131,184,,leaf shape,,,,,
Aesthetics,185,leaf_description,smooth_margin,leaf_descriptionsmooth_margin,5,185,,leaf,,,,,
Aesthetics,186,leaf_description,oblong,leaf_descriptionoblong,40,186,,leaf shape,,,,,
Aesthetics,187,leaf_description,linear,leaf_descriptionlinear,90,187,,leaf shape,,,,,
Aesthetics,188,leaf_description,fine,leaf_descriptionfine,28,188,,foliage,,,,,
Aesthetics,189,leaf_description,undulate_margin,leaf_descriptionundulate_margin,6,189,,leaf,,,,,
Aesthetics,190,leaf_description,large,leaf_descriptionlarge,32,190,,leaf,,,,,
Aesthetics,191,leaf_description,frond,leaf_descriptionfrond,23,191,,leaf,,,,,
Aesthetics,192,leaf_description,feathery,leaf_descriptionfeathery,20,192,,foliage,,,,,
Aesthetics,193,leaf_description,obovate,leaf_descriptionobovate,66,193,,leaf shape,,,,,
Aesthetics,194,leaf_description,lanceolate,leaf_descriptionlanceolate,182,194,,leaf shape,,,,,
Aesthetics,195,leaf_description,variably_lobed,leaf_descriptionvariably_lobed,7,195,,leaf shape,,,,,
Aesthetics,196,leaf_description,variable,leaf_descriptionvariable,9,196,,leaf shape,,,,,
Aesthetics,197,leaf_description,sword_shaped,leaf_descriptionsword_shaped,7,197,,leaf,,,,,
Aesthetics,198,leaf_description,fan_shaped,leaf_descriptionfan_shaped,5,198,,leaf,,,,,
Aesthetics,199,leaf_description,needle_like,leaf_descriptionneedle_like,23,199,,foliage,,,,,
Aesthetics,200,leaf_description,narrow,leaf_descriptionnarrow,71,200,,leaf,,,,,
Aesthetics,201,leaf_description,cladode,leaf_descriptioncladode,7,201,,,,,,,
Aesthetics,202,leaf_description,deeply_lobed,leaf_descriptiondeeply_lobed,8,202,,leaf shape,,,,,
Aesthetics,203,leaf_description,serrated_margin,leaf_descriptionserrated_margin,32,203,,leaf,,,,,
Aesthetics,204,leaf_description,awl_shaped,leaf_descriptionawl_shaped,2,204,,leaf,,,,,
Aesthetics,205,leaf_description,spirralled,leaf_descriptionspirralled,1,205,,leaf shape,,,,,
Aesthetics,206,leaf_description,ribbon_like,leaf_descriptionribbon_like,1,206,,leaf,,,,,
Aesthetics,207,leaf_description,phylode,leaf_descriptionphylode,16,207,,,,,,,
Aesthetics,208,leaf_description,falcate,leaf_descriptionfalcate,14,208,,,,,,,
Aesthetics,209,leaf_description,whorls,leaf_descriptionwhorls,4,209,,foliage,,,,,
Aesthetics,210,leaf_description,cordate,leaf_descriptioncordate,14,210,,leaf,,,,,
Aesthetics,211,leaf_description,trifoliate,leaf_descriptiontrifoliate,6,211,,leaf,,,,,
Aesthetics,212,leaf_description,maple_like,leaf_descriptionmaple_like,13,212,,leaf shape,,,,,
Aesthetics,213,leaf_description,lobed,leaf_descriptionlobed,31,213,,leaf shape,,,,,
Aesthetics,214,leaf_description,soft,leaf_descriptionsoft,3,214,,leaf,,,,,
Aesthetics,215,leaf_description,rough,leaf_descriptionrough,6,215,,leaf,,,,,
Aesthetics,216,leaf_description,sickle_shaped,leaf_descriptionsickle_shaped,5,216,,leaf,,,,,
Aesthetics,217,leaf_description,fern_like,leaf_descriptionfern_like,4,217,,leaf,,,,,
Aesthetics,218,leaf_description,coarse,leaf_descriptioncoarse,2,218,,leaf,,,,,
Aesthetics,219,leaf_description,scale_like,leaf_descriptionscale_like,15,219,,leaf,,,,,
Aesthetics,220,leaf_description,long,leaf_descriptionlong,10,220,,leaf,,,,,
Aesthetics,221,leaf_description,small,leaf_descriptionsmall,12,221,,leaf,,,,,
Aesthetics,222,leaf_description,heart_shaped,leaf_descriptionheart_shaped,3,222,,leaf,,,,,
Aesthetics,223,leaf_description,rhomboid,leaf_descriptionrhomboid,1,223,,leaf shape,,,,,
Aesthetics,224,leaf_description,grass_like,leaf_descriptiongrass_like,1,224,,leaf,,,,,
Aesthetics,225,leaf_description,broad,leaf_descriptionbroad,5,225,,leaf,,,,,
Aesthetics,226,leaf_description,hairy,leaf_descriptionhairy,1,226,,leaf,,,,,
Aesthetics,227,leaf_description,holly_shaped,leaf_descriptionholly_shaped,1,227,,leaf,,,,,
Aesthetics,228,leaf_description,flattened,leaf_descriptionflattened,3,228,,phylode/cladode,,,,,
Aesthetics,229,leaf_description,shiny,leaf_descriptionshiny,1,229,,leaf,,,,,
Aesthetics,230,leaf_description,needles,leaf_descriptionneedles,3,230,,foliage,,,,,
Aesthetics,231,leaf_description,curved,leaf_descriptioncurved,1,231,,leaf shape,,,,,
Aesthetics,232,leaf_description,triangular_shaped,leaf_descriptiontriangular_shaped,2,232,,leaf,,,,,
Aesthetics,233,leaf_description,parted_margin,leaf_descriptionacuminate,11,238,,leaf,,,,,
Aesthetics,234,leaf_description,incised_margin,leaf_descriptionacicular,29,239,,leaf,,,,,
Aesthetics,235,leaf_description,pectinate,,,,,leaf shape,,,,,
Aesthetics,236,leaf_description,crenate_margin,,,,,leaf,,,,,
Aesthetics,237,leaf_description,oblanceolate,,,,,leaf shape,,,,,
Aesthetics,238,leaf_description,acuminate,,,,,leaf shape,,,,,
Aesthetics,239,leaf_description,acicular,,,,,leaf shape,,,,,
Aesthetics,240,leaf_description,pedate,leaf_descriptionpedate,3,240,,leaf shape,,,,,
Aesthetics,241,leaf_description,palmate,leaf_descriptionpalmate,4,241,,leaf shape,,,,,
Aesthetics,242,leaf_description,elliptic,leaf_descriptionelliptic,26,242,,leaf shape,,,,,
Aesthetics,243,leaf_description,obtuse,leaf_descriptionobtuse,10,243,,leaf shape,,,,,
Aesthetics,244,leaf_description,strappy,leaf_descriptionstrappy,15,244,,leaf shape,,,,,
Aesthetics,245,leaf_description,bilobed,leaf_descriptionbilobed,2,245,,leaf shape,,,,,
Aesthetics,246,leaf_description,subulate,leaf_descriptionsubulate,7,246,,leaf shape,,,,,
Aesthetics,247,leaf_description,deltoid,leaf_descriptiondeltoid,2,247,,leaf shape,,,,,
Aesthetics,248,leaf_description,spear-shaped,,,,,leaf shape,,,,,
Aesthetics,249,leaf_description,spatulate,leaf_descriptionspatulate,2,249,,leaf shape,,,,,
Aesthetics,250,leaf_description,cuneate,leaf_descriptioncuneate,6,250,,leaf shape,,,,,
Aesthetics,251,foliage_colour,darkgreen,foliage_colourdarkgreen,269,251,,,,,,,
Aesthetics,252,foliage_colour,lightgreen,foliage_colourlightgreen,48,252,,,,,,,
Aesthetics,253,foliage_colour,glossygreen,foliage_colourglossygreen,135,253,,,,,,,
Aesthetics,254,foliage_colour,bronze,foliage_colourbronze,31,254,,,,,,,
Aesthetics,255,foliage_colour,burgundy,foliage_colourburgundy,25,255,,,,,,,
Aesthetics,256,foliage_colour,green,foliage_colourgreen,725,256,,,,,,,
Aesthetics,257,foliage_colour,pinkred,foliage_colourpinkred,8,257,,,,,,,
Aesthetics,258,foliage_colour,greygreen,foliage_colourgreygreen,136,258,,,,,,,
Aesthetics,259,foliage_colour,red,foliage_colourred,33,259,,,,,,,
Aesthetics,260,foliage_colour,yellow,foliage_colouryellow,26,260,,,,,,,
Aesthetics,261,foliage_colour,purple,foliage_colourpurple,26,261,,,,,,,
Aesthetics,262,foliage_colour,cream,foliage_colourcream,16,262,,,,,,,
Aesthetics,263,foliage_colour,bluegreen,foliage_colourbluegreen,60,263,,,,,,,
Aesthetics,264,foliage_colour,dullgreen,foliage_colourdullgreen,18,264,,,,,,,
Aesthetics,265,foliage_colour,variegations,,,,,,,,,,
Aesthetics,266,foliage_colour,gold,foliage_colourgold,8,266,,,,,,,
Aesthetics,267,seasonal_colour,red,seasonal_colourred,38,267,,(leaves),,,,,
Aesthetics,268,seasonal_colour,yellow,seasonal_colouryellow,70,268,,(leaves),,,,,
Aesthetics,269,seasonal_colour,brown,seasonal_colourbrown,15,269,,(leaves),,,,,
Aesthetics,270,seasonal_colour,burgundy,seasonal_colourburgundy,17,270,,(leaves),,,,,
Aesthetics,271,seasonal_colour,none,seasonal_colournone,222,271,,(leaves),,,,,
Aesthetics,272,seasonal_colour,orange,seasonal_colourorange,30,272,,(leaves),,,,,
Aesthetics,273,seasonal_colour,Spring,seasonal_colourSpring,1,273,,season,,,,,
Aesthetics,274,seasonal_colour,Summer,seasonal_colourSummer,1,274,,season,,,,,
Aesthetics,275,seasonal_colour,Autumn,seasonal_colourAutumn,1,275,,season,,,,,
Aesthetics,276,seasonal_colour,Winter,seasonal_colourWinter,2,276,,season,,,,,
Aesthetics,277,seasonal_colour,red_new_growth,seasonal_colourred_new_growth,12,277,,(leaves),,,,,
Aesthetics,278,seasonal_colour,bronze,seasonal_colourbronze,7,278,,(leaves),,,,,
Aesthetics,279,seasonal_colour,copper,seasonal_colourcopper,2,279,,(leaves),,,,,
Aesthetics,280,colour_season,Spring,colour_seasonSpring,38,280,,This needs combining with the above data,,,,,
Aesthetics,281,colour_season,Summer,colour_seasonSummer,13,281,,,,,,,
Aesthetics,282,colour_season,Autumn,colour_seasonAutumn,55,282,,,,,,,
Aesthetics,283,colour_season,Winter,colour_seasonWinter,14,283,,,,,,,
Aesthetics,284,flower_description,ball,flower_descriptionball,21,284,,shape,,,,,
Aesthetics,285,flower_description,bell_shaped,flower_descriptionbell_shaped,36,285,,shape,,,,,
Aesthetics,286,flower_description,bilbiate,flower_descriptionbilbiate,1,286,,type,,,,,
Aesthetics,287,flower_description,bottlebrush,flower_descriptionbottlebrush,51,287,,type,,,,,
Aesthetics,288,flower_description,bract,flower_descriptionbract,8,288,,type,,,,,
Aesthetics,289,flower_description,campanulate,flower_descriptioncampanulate,8,289,,type,,,,,
Aesthetics,290,flower_description,catkin,flower_descriptioncatkin,46,290,,type,,,,,
Aesthetics,291,flower_description,cluster,flower_descriptioncluster,288,291,,grouped,,,,,
Aesthetics,292,flower_description,cone,flower_descriptioncone,20,292,,type,,,,,
Aesthetics,293,flower_description,corymb,flower_descriptioncorymb,6,293,,type,,,,,
Aesthetics,294,flower_description,crinkled,flower_descriptioncrinkled,1,294,,descriptive,,,,,
Aesthetics,295,flower_description,cruciform,flower_descriptioncruciform,1,295,,type,,,,,
Aesthetics,296,flower_description,cup_shaped,flower_descriptioncup_shaped,17,296,,shape,,,,,
Aesthetics,297,flower_description,cylindrical,flower_descriptioncylindrical,9,297,,shape,,,,,
Aesthetics,298,flower_description,cyme,flower_descriptioncyme,12,298,,type,,,,,
Aesthetics,299,flower_description,daisy,flower_descriptiondaisy,38,299,,type,,,,,
Aesthetics,300,flower_description,double,flower_descriptiondouble,3,300,,type,,,,,
Aesthetics,301,flower_description,feathery,flower_descriptionfeathery,8,301,,descriptive,,,,,
Aesthetics,302,flower_description,four_sided_bud,flower_descriptionfour_sided_bud,1,302,,type,,,,,
Aesthetics,303,flower_description,frilled,flower_descriptionfrilled,2,303,,descriptive,,,,,
Aesthetics,304,flower_description,funnelform,flower_descriptionfunnelform,9,304,,shape,,,,,
Aesthetics,305,flower_description,globular,flower_descriptionglobular,125,305,,shape,,,,,
Aesthetics,306,flower_description,grevillea,flower_descriptiongrevillea,1,306,,type,,,,,
Aesthetics,307,flower_description,gum_blossom,flower_descriptiongum_blossom,127,307,,type,,,,,
Aesthetics,308,flower_description,hypanthium,flower_descriptionhypanthium,1,308,,type,,,,,
Aesthetics,309,flower_description,invaginated,flower_descriptioninvaginated,7,309,,type,,,,,
Aesthetics,310,flower_description,labiate,flower_descriptionlabiate,8,310,,type,,,,,
Aesthetics,311,flower_description,large,flower_descriptionlarge,40,311,,descriptive,,,,,
Aesthetics,312,flower_description,liguate,flower_descriptionliguate,5,312,,type,,,,,
Aesthetics,313,flower_description,lilaceous,flower_descriptionlilaceous,12,313,,type,,,,,
Aesthetics,314,flower_description,no,flower_descriptionno,163,314,,none,,,,,
Aesthetics,315,flower_description,open_petalled,flower_descriptionopen_petalled,134,315,,descriptive,,,,,
Aesthetics,316,flower_description,panicle,flower_descriptionpanicle,80,316,,type,,,,,
Aesthetics,317,flower_description,panicles,flower_descriptionpanicles,21,317,,type,,,,,
Aesthetics,318,flower_description,papilionaceous,flower_descriptionpapilionaceous,3,318,,descriptive,,,,,
Aesthetics,319,flower_description,pea-shaped,flower_descriptionpea-shaped,54,319,,descriptive,,,,,
Aesthetics,320,flower_description,pendant_cluster,flower_descriptionpendant_cluster,9,320,,grouped,,,,,
Aesthetics,321,flower_description,pendulous,flower_descriptionpendulous,6,321,,descriptive,,,,,
Aesthetics,322,flower_description,perianth,flower_descriptionperianth,1,322,,type,,,,,
Aesthetics,323,flower_description,pincushion,flower_descriptionpincushion,1,323,,descriptive,,,,,
Aesthetics,324,flower_description,polystemonous,flower_descriptionpolystemonous,11,324,,descriptive,,,,,
Aesthetics,325,flower_description,pompom,flower_descriptionpompom,5,325,,descriptive,,,,,
Aesthetics,326,flower_description,powderpuff,flower_descriptionpowderpuff,4,326,,descriptive,,,,,
Aesthetics,327,flower_description,raceme,flower_descriptionraceme,51,327,,grouped,,,,,
Aesthetics,328,flower_description,rosaceous,flower_descriptionrosaceous,3,328,,descriptive,,,,,
Aesthetics,329,flower_description,rotate,flower_descriptionrotate,44,329,,descriptive,,,,,
Aesthetics,330,flower_description,salverform,flower_descriptionsalverform,7,330,,descriptive,,,,,
Aesthetics,331,flower_description,saucer_shaped,flower_descriptionsaucer_shaped,1,331,,shape,,,,,
Aesthetics,332,flower_description,small,flower_descriptionsmall,72,332,,descriptive,,,,,
Aesthetics,333,flower_description,spider-like,flower_descriptionspider-like,10,333,,descriptive,,,,,
Aesthetics,334,flower_description,spike,flower_descriptionspike,144,334,,type,,,,,
Aesthetics,335,flower_description,starry,flower_descriptionstarry,139,335,,descriptive - star shaped,,,,,
Aesthetics,336,flower_description,tassel_like,flower_descriptiontassel_like,1,336,,descriptive,,,,,
Aesthetics,337,flower_description,trumpet_shaped,flower_descriptiontrumpet_shaped,6,337,,shape,,,,,
Aesthetics,338,flower_description,tubular,flower_descriptiontubular,124,338,,shape,,,,,
Aesthetics,339,flower_description,umble,flower_descriptionumble,6,339,,type,,,,,
Aesthetics,340,flower_description,whorls,flower_descriptionwhorls,5,340,,grouped,,,,,
Aesthetics,341,flower_description,insignificant,flower_descriptioninsignificant,62,341,,descriptive,,,,,
Aesthetics,342,flower_description,terminal,flower_descriptionterminal,8,342,,descriptive,,,,,
Aesthetics,343,flower_description,lipped,flower_descriptionlipped,4,343,,descriptive,,,,,
Aesthetics,344,flower_description,fan_shaped,flower_descriptionfan_shaped,10,344,,shape,,,,,
Aesthetics,345,flower_description,grass_panicle,flower_descriptiongrass_panicle,16,345,,type,,,,,
Aesthetics,346,flower_description,semi_globular,flower_descriptionsemi_globular,3,346,,shape,,,,,
Aesthetics,347,flower_description,spherical,flower_descriptionspherical,1,347,,shape,,,,,
Aesthetics,348,flower_description,pedicels,flower_descriptionpedicels,2,348,,type,,,,,
Aesthetics,349,flower_description,sprays,,,,,grouped,,,,,
Aesthetics,350,flower_description,grass_like,flower_descriptiongrass_like,1,350,,descriptive,,,,,
Aesthetics,351,flower_description,plume,flower_descriptionplume,2,351,,grouped,,,,,
Aesthetics,352,flower_colour,inconspicuous,flower_colourinconspicuous,111,352,,descriptive,,,,,
Aesthetics,353,flower_colour,white,flower_colourwhite,1346,353,,,,,,,
Aesthetics,354,flower_colour,purple,flower_colourpurple,389,354,,,,,,,
Aesthetics,355,flower_colour,blue,flower_colourblue,300,355,,,,,,,
Aesthetics,356,flower_colour,orange,flower_colourorange,267,356,,,,,,,
Aesthetics,357,flower_colour,cream,flower_colourcream,571,357,,,,,,,
Aesthetics,358,flower_colour,red,flower_colourred,702,358,,,,,,,
Aesthetics,359,flower_colour,yellow,flower_colouryellow,1064,359,,,,,,,
Aesthetics,360,flower_colour,brown,flower_colourbrown,118,360,,,,,,,
Aesthetics,361,flower_colour,pink,flower_colourpink,858,361,,,,,,,
Aesthetics,362,flower_colour,grey,flower_colourgrey,2,362,,,,,,,
Aesthetics,363,flower_colour,green,flower_colourgreen,205,363,,,,,,,
Aesthetics,364,flower_colour,golden,flower_colourgolden,141,364,,,,,,,
Aesthetics,365,flower_colour,assorted,flower_colourassorted,84,365,,,,,,,
Aesthetics,366,flower_colour,lavender,flower_colourlavender,5,366,,,,,,,
Aesthetics,367,flower_colour,mauve,flower_colourmauve,307,367,,,,,,,
Aesthetics,368,flower_colour,black,flower_colourblack,23,368,,,,,,,
Aesthetics,369,flower_colour,apricot,flower_colourapricot,4,369,,,,,,,
Aesthetics,370,flower_colour,magenta,flower_colourmagenta,6,370,,,,,,,
Aesthetics,371,flower_colour,fuchsia,flower_colourfuchsia,2,371,,,,,,,
Aesthetics,372,flower_colour,peach,flower_colourpeach,6,372,,,,,,,
Aesthetics,373,flower_colour,violet,flower_colourviolet,28,373,,,,,,,
Aesthetics,374,flower_colour,crimson,flower_colourcrimson,7,374,,,,,,,
Aesthetics,375,flower_colour,bronze,,,,,,,,,,
Aesthetics,376,flower_colour,cherry,flower_colourcherry,1,376,,,,,,,
Aesthetics,377,flower_colour,burgundy,flower_colourburgundy,4,377,,,,,,,
Aesthetics,378,flower_colour,lilac,flower_colourlilac,24,378,,,,,,,
Aesthetics,379,flower_colour,maroon,flower_colourmaroon,2,379,,,,,,,
Aesthetics,380,flower_colour,rose,flower_colourrose,3,380,,,,,,,
Aesthetics,381,flower_colour,scarlet,flower_colourscarlet,2,381,,,,,,,
Aesthetics,382,flower_colour,silver,flower_coloursilver,3,382,,,,,,,
Aesthetics,383,flower_period,Spring,flower_periodSpring,2653,383,,Only for Australia,,,,,
Aesthetics,384,flower_period,Summer,flower_periodSummer,2054,384,,Only for Australia,,,,,
Aesthetics,385,flower_period,Autumn,flower_periodAutumn,980,385,,Only for Australia,,,,,
Aesthetics,386,flower_period,Winter,flower_periodWinter,994,386,,Only for Australia,,,,,
Aesthetics,387,flower_period,Any_time,flower_periodAny_time,98,387,,Only for Australia,,,,,
Aesthetics,388,flower_period,continuous,flower_periodcontinuous,5,388,,,,,,,
Aesthetics,389,flower_period,warm_weather,flower_periodwarm_weather,4,389,,in warm weather ,,,,,
Aesthetics,390,flower_period,rare,flower_periodrare,3,390,,rarely flowers,,,,,
Aesthetics,391,flower_period,after_rain,flower_periodafter_rain,3,391,,flowers after rain,,,,,
Aesthetics,392,flower_period,extended,flower_periodextended,2,392,,flowers for an extended period,,,,,
Aesthetics,393,flower_period,short,flower_periodshort,1,393,,,,,,,
Aesthetics,394,flower_period,after_dry,flower_periodafter_dry,1,394,,flowers after dry periods,,,,,
Aesthetics,395,other_feature,bark,other_featurebark,69,395,,bark is an aesthetic quality of this species,,,,,
Aesthetics,396,other_feature,showey_flower,other_featureshowey_flower,679,396,,flowers are a feature,,,,,
Aesthetics,397,other_feature,showey_fruit,other_featureshowey_fruit,255,397,,fruits are large/and or colourful,,,,,
Aesthetics,398,other_feature,fragrant_flowers,other_featurefragrant_flowers,122,398,,,,,,,
Aesthetics,399,other_feature,fragrant_foliage,other_featurefragrant_foliage,89,399,,,,,,,
Aesthetics,400,other_feature,trunkshape,other_featuretrunkshape,12,400,,,,,,,
Aesthetics,401,other_feature,aerialroots,other_featureaerialroots,7,401,,,,,,,
Aesthetics,402,other_feature,seasonalleaves,other_featureseasonalleaves,57,402,,,,,,,
Aesthetics,403,other_feature,seedpods_cones,other_featureseedpods_cones,42,403,,possesses large seedpods or cones,,,,,
Aesthetics,404,other_feature,lowbranching,other_featurelowbranching,29,404,,plants that are good for climbing!,,,,,
Aesthetics,405,other_feature,dies_after_flowering,other_featuredies_after_flowering,2,405,,,,,,,
Aesthetics,406,other_feature,glossy_foliage,other_featureglossy_foliage,77,406,,,,,,,
Aesthetics,407,other_feature,red_new_growth,other_featurered_new_growth,24,407,,new leaves are a redish colour,,,,,
Aesthetics,408,other_feature,rusty_leaf_underside,other_featurerusty_leaf_underside,8,408,,orangy coloured leaf underside,,,,,
Aesthetics,409,other_feature,oderous,other_featureoderous,11,409,,bad smell,,,,,
Aesthetics,410,other_feature,pinnate_foliage,other_featurepinnate_foliage,31,410,,pinnate foliage an aesthetic quality,,,,,
Aesthetics,411,other_feature,growth_form,other_featuregrowth_form,185,411,,the exceptional habit or growth form provides aesthetic qualities,,,,,
Aesthetics,412,other_feature,yellow_foliage,other_featureyellow_foliage,3,412,,,,,,,
Aesthetics,413,other_feature,silver_foliage,other_featuresilver_foliage,23,413,,,,,,,
Aesthetics,414,other_feature,red_foliage,other_featurered_foliage,4,414,,,,,,,
Aesthetics,415,other_feature,variagated_foliage,other_featurevariagated_foliage,1,415,,,,,,,
Aesthetics,416,other_feature,purple_foliage,other_featurepurple_foliage,2,416,,,,,,,
Aesthetics,417,other_feature,foliage,other_featurefoliage,307,417,,,,,,,
Aesthetics,418,other_feature,fragrance,other_featurefragrance,116,418,,,,,,,
Aesthetics,419,bark_appearance,grey,bark_appearancegrey,210,419,,,,,,,
Aesthetics,420,bark_appearance,brown,bark_appearancebrown,125,420,,,,,,,
Aesthetics,421,bark_appearance,white,bark_appearancewhite,21,421,,,,,,,
Aesthetics,422,bark_appearance,cream,bark_appearancecream,33,422,,,,,,,
Aesthetics,423,bark_appearance,yellow,bark_appearanceyellow,3,423,,,,,,,
Aesthetics,424,bark_appearance,bluegrey,bark_appearancebluegrey,2,424,,,,,,,
Aesthetics,425,bark_appearance,patchy,bark_appearancepatchy,9,425,,,,,,,
Aesthetics,426,bark_appearance,mottled,bark_appearancemottled,15,426,,,,,,,
Aesthetics,427,bark_appearance,dark_grey,bark_appearancedark_grey,21,427,,,,,,,
Aesthetics,428,bark_appearance,red_brown,bark_appearancered_brown,46,428,,,,,,,
Aesthetics,429,bark_appearance,ringed,bark_appearanceringed,10,429,,,,,,,
Aesthetics,430,bark_appearance,pink,bark_appearancepink,11,430,,,,,,,
Aesthetics,431,bark_appearance,green,bark_appearancegreen,7,431,,,,,,,
Aesthetics,432,bark_appearance,black,bark_appearanceblack,11,432,,,,,,,
Aesthetics,433,bark_appearance,orange,bark_appearanceorange,3,433,,,,,,,
Aesthetics,434,bark_appearance,tan,bark_appearancetan,17,434,,,,,,,
Aesthetics,435,bark_appearance,dark_purple,bark_appearancedark_purple,1,435,,,,,,,
Aesthetics,436,bark_appearance,dark_brown,bark_appearancedark_brown,10,436,,,,,,,
Aesthetics,437,bark_appearance,bronze,bark_appearancebronze,1,437,,,,,,,
Aesthetics,438,bark_appearance,striped,bark_appearancestriped,5,438,,,,,,,
Aesthetics,439,bark_appearance,patterned,bark_appearancepatterned,2,439,,,,,,,
Aesthetics,440,bark_texture,roughly_lenticeled,bark_textureroughly_lenticeled,9,440,,,,,,,
Aesthetics,441,bark_texture,smooth,bark_texturesmooth,287,441,,,,,,,
Aesthetics,442,bark_texture,fibrous,bark_texturefibrous,32,442,,,,,,,
Aesthetics,443,bark_texture,flaky,,,,,,,,,,
Aesthetics,444,bark_texture,peeling,bark_texturepeeling,61,444,,,,,,,
Aesthetics,445,bark_texture,lightly_fissured,bark_texturelightly_fissured,68,445,,or lightly furrowed ,,,,,
Aesthetics,446,bark_texture,deeply_fissured,bark_texturedeeply_fissured,33,446,,or deeply furrowed,,,,,
Aesthetics,447,bark_texture,lined,bark_texturelined,9,447,,,,,,,
Aesthetics,448,bark_texture,rough,bark_texturerough,208,448,,,,,,,
Aesthetics,449,bark_texture,spiked,bark_texturespiked,9,449,,,,,,,
Aesthetics,450,bark_texture,scaley,bark_texturescaley,31,450,,,,,,,
Aesthetics,451,bark_texture,leaf_bases,bark_textureleaf_bases,9,451,,,,,,,
Aesthetics,452,bark_texture,base_rough_persistent,bark_texturebase_rough_persistent,13,452,,,,,,,
Aesthetics,453,bark_texture,papery,bark_texturepapery,10,453,,,,,,,
Aesthetics,454,bark_texture,coarse,bark_texturecoarse,3,454,,,,,,,
Aesthetics,455,bark_texture,corky,bark_texturecorky,12,455,,,,,,,
Aesthetics,456,bark_texture,satin_like,bark_texturesatin_like,2,456,,,,,,,
Aesthetics,457,bark_texture,tessolated,bark_texturetessolated,12,457,,,,,,,
Aesthetics,458,bark_texture,minniritchi,bark_textureminniritchi,5,458,,a type of bark from trees in WA,,,,,
Aesthetics,459,bark_texture,bumpy,bark_texturebumpy,6,459,,,,,,,
Aesthetics,460,bark_texture,resinous,bark_textureresinous,2,460,,,,,,,
Aesthetics,461,bark_texture,fissured,bark_texturefissured,4,461,,,,,,,
Aesthetics,462,bark_texture,furrowed,bark_texturefurrowed,77,462,,,,,,,
Aesthetics,463,bark_texture,bulbous,bark_texturebulbous,1,463,,,,,,,
Aesthetics,464,bark_texture,shiny,bark_textureshiny,1,464,,,,,,,
Aesthetics,465,fruit_type,acorn,fruit_typeacorn,4,465,,,,,,,
Aesthetics,466,fruit_type,aggregate,fruit_typeaggregate,4,466,,,,,,,
Aesthetics,467,fruit_type,aril,fruit_typearil,4,467,,,,,,,
Aesthetics,468,fruit_type,berries,fruit_typeberries,88,468,,,,,,,
Aesthetics,469,fruit_type,burr_like,fruit_typeburr_like,2,469,,,,,,,
Aesthetics,470,fruit_type,calyx,fruit_typecalyx,1,470,,,,,,,
Aesthetics,471,fruit_type,capsule,fruit_typecapsule,131,471,,,,,,,
Aesthetics,472,fruit_type,cocci,fruit_typecocci,4,472,,,,,,,
Aesthetics,473,fruit_type,coiled,fruit_typecoiled,3,473,,,,,,,
Aesthetics,474,fruit_type,cone,fruit_typecone,34,474,,,,,,,
Aesthetics,475,fruit_type,cone_like,fruit_typecone_like,4,475,,,,,,,
Aesthetics,476,fruit_type,drupe,fruit_typedrupe,55,476,,,,,,,
Aesthetics,477,fruit_type,egg-shaped,fruit_typeegg-shaped,1,477,,,,,,,
Aesthetics,478,fruit_type,elongated,fruit_typeelongated,32,478,,,,,,,
Aesthetics,479,fruit_type,fig,fruit_typefig,7,479,,,,,,,
Aesthetics,480,fruit_type,flattened,fruit_typeflattened,21,480,,,,,,,
Aesthetics,481,fruit_type,fleshy,fruit_typefleshy,28,481,,,,,,,
Aesthetics,482,fruit_type,follicle,fruit_typefollicle,12,482,,,,,,,
Aesthetics,483,fruit_type,Globose,fruit_typeGlobose,27,483,,round/spherical,,,,,
Aesthetics,484,fruit_type,hard_shelled,fruit_typehard_shelled,9,484,,,,,,,
Aesthetics,485,fruit_type,lanceolate,fruit_typelanceolate,2,485,,,,,,,
Aesthetics,486,fruit_type,large,fruit_typelarge,50,486,,,,,,,
Aesthetics,487,fruit_type,narrow,fruit_typenarrow,5,487,,,,,,,
Aesthetics,488,fruit_type,none,fruit_typenone,3,488,,,,,,,
Aesthetics,489,fruit_type,nuts,fruit_typenuts,16,489,,,,,,,
Aesthetics,490,fruit_type,ovoid,fruit_typeovoid,43,490,,,,,,,
Aesthetics,491,fruit_type,papery,fruit_typepapery,2,491,,,,,,,
Aesthetics,492,fruit_type,pinecone,fruit_typepinecone,5,492,,,,,,,
Aesthetics,493,fruit_type,plano-convex,fruit_typeplano-convex,1,493,,,,,,,
Aesthetics,494,fruit_type,pod,fruit_typepod,96,494,,,,,,,
Aesthetics,495,fruit_type,pointed,fruit_typepointed,1,495,,,,,,,
Aesthetics,496,fruit_type,pome,fruit_typepome,7,496,,,,,,,
Aesthetics,497,fruit_type,prickly,fruit_typeprickly,7,497,,,,,,,
Aesthetics,498,fruit_type,pumpkin_shape,fruit_typepumpkin_shape,1,498,,,,,,,
Aesthetics,499,fruit_type,round,fruit_typeround,15,499,,,,,,,
Aesthetics,500,fruit_type,samara,fruit_typesamara,24,500,,,,,,,
Aesthetics,501,fruit_type,small,fruit_typesmall,57,501,,,,,,,
Aesthetics,502,fruit_type,sparse,fruit_typesparse,1,502,,,,,,,
Aesthetics,503,fruit_type,spikey_ball,fruit_typespikey_ball,3,503,,,,,,,
Aesthetics,504,fruit_type,urn_shaped,fruit_typeurn_shaped,2,504,,,,,,,
Aesthetics,505,fruit_type,woody_ capsule,fruit_typewoody_ capsule,89,505,,used to describe gumnuts for example,,,,,
Aesthetics,506,fruit_type,wrinkled,fruit_typewrinkled,1,506,,,,,,,
Aesthetics,507,fruit_type,achene,fruit_typeachene,23,507,,,,,,,
Aesthetics,508,fruit_type,caryopsis,fruit_typecaryopsis,10,508,,,,,,,
Aesthetics,509,fruit_type,nutlet,fruit_typenutlet,11,509,,,,,,,
Aesthetics,510,fruit_colour,inconspicuous,fruit_colourinconspicuous,16,510,,,,,,,
Aesthetics,511,fruit_colour,red,fruit_colourred,54,511,,,,,,,
Aesthetics,512,fruit_colour,brown,fruit_colourbrown,138,512,,,,,,,
Aesthetics,513,fruit_colour,purple,fruit_colourpurple,22,513,,,,,,,
Aesthetics,514,fruit_colour,green,fruit_colourgreen,45,514,,,,,,,
Aesthetics,515,fruit_colour,pink,fruit_colourpink,9,515,,,,,,,
Aesthetics,516,fruit_colour,orange,fruit_colourorange,19,516,,,,,,,
Aesthetics,517,fruit_colour,darkblue,fruit_colourdarkblue,10,517,,,,,,,
Aesthetics,518,fruit_colour,black,fruit_colourblack,27,518,,,,,,,
Aesthetics,519,fruit_colour,yellow,fruit_colouryellow,20,519,,,,,,,
Aesthetics,520,fruit_colour,gray,fruit_colourgray,27,520,,,,,,,
Aesthetics,521,fruit_colour,white,fruit_colourwhite,10,521,,,,,,,
Aesthetics,522,fruit_colour,blue,fruit_colourblue,8,522,,,,,,,
Aesthetics,523,fruit_colour,magenta,fruit_colourmagenta,1,523,,,,,,,
Aesthetics,524,fruit_colour,tan,,,,,,,,,,
Aesthetics,525,fruit_period,Spring,fruit_periodSpring,7,525,,Australia data only,,,,,
Aesthetics,526,fruit_period,Summer,fruit_periodSummer,33,526,,Australia data only,,,,,
Aesthetics,527,fruit_period,Autumn,fruit_periodAutumn,47,527,,Australia data only,,,,,
Aesthetics,528,fruit_period,Winter,fruit_periodWinter,9,528,,Australia data only,,,,,
Aesthetics,529,fruit_period,Any_time,fruit_periodAny_time,5,529,,Australia data only,,,,,
Aesthetics,530,fruit_period,fruit_persistent,fruit_periodfruit_persistent,60,530,,fruit remains on tree for multiple seasons,,,,,
Aesthetics,531,juvenile_traits,spindly,juvenile_traitsspindly,19,531,,has a spindly growth habit when young,,,,,
Aesthetics,532,juvenile_traits,slow_growing,juvenile_traitsslow_growing,27,532,,,,,,,
Aesthetics,533,juvenile_traits,fast_growing,juvenile_traitsfast_growing,42,533,,,,,,,
Aesthetics,534,juvenile_traits,shade_tolerant,juvenile_traitsshade_tolerant,6,534,,,,,,,
Aesthetics,535,juvenile_traits,bushy_habit,juvenile_traitsbushy_habit,53,535,,,,,,,
Aesthetics,536,juvenile_traits,flowers,juvenile_traitsflowers,10,536,,flowers early in life,,,,,
Aesthetics,537,juvenile_traits,slow_to_flower,juvenile_traitsslow_to_flower,19,537,,takes many years to flower,,,,,
Aesthetics,538,juvenile_traits,red_newleaves,juvenile_traitsred_newleaves,14,538,,,,,,,
Aesthetics,539,juvenile_traits,green_trunk,juvenile_traitsgreen_trunk,14,539,,,,,,,
Aesthetics,540,juvenile_traits,spikey_leaves,juvenile_traitsspikey_leaves,1,540,,has spiky juvinile leaves,,,,,
Aesthetics,541,juvenile_traits,lobed_leaves,juvenile_traitslobed_leaves,5,541,,,,,,,
Aesthetics,542,juvenile_traits,pyramidal_form,juvenile_traitspyramidal_form,23,542,,e.g. has a pyramidal form when young but changes to a spreading canopy when older,,,,,
Aesthetics,543,juvenile_traits,smooth_bark,juvenile_traitssmooth_bark,13,543,,,,,,,
Aesthetics,544,juvenile_traits,round_leaves,juvenile_traitsround_leaves,17,544,,,,,,,
Site Context,545,placement,wet,placementwet,131,545,,plant in a boggy position/pond edge/ drainage channel/low-lying marshy ground etc,,,,,
Site Context,546,placement,potplant,placementpotplant,1296,546,,appropriate for container planting,,,,,
Site Context,547,placement,street,placementstreet,454,547,,including road and highway,,,,,
Site Context,548,placement,avenue,placementavenue,89,548,,for larger street trees that require lateral space,,,,,
Site Context,549,placement,garden,placementgarden,1463,549,,any type of cultivated garden,,,,,
Site Context,550,placement,largegarden,placementlargegarden,120,550,,larger sized species,,,,,
Site Context,551,placement,park,placementpark,589,551,,often for large sized plants,,,,,
Site Context,552,placement,indoor,placementindoor,240,552,,,,,,,
Site Context,553,placement,balcony,placementbalcony,467,553,,or patio or courtyard etc,,,,,
Site Context,554,placement,powerlines,placementpowerlines,13,554,,appropriate for under powerlines (I haven't used this one very much),,,,,
Site Context,555,placement,amenity,placementamenity,137,555,,(I haven't used this one very much),,,,,
Site Context,556,purpose,shade,purposeshade,302,556,,provides shade,,,,,
Site Context,557,purpose,featuretree,purposefeaturetree,268,557,,or specimen tree,,,,,
Site Context,558,purpose,screen,purposescreen,873,558,,"includes noise screen, high hedge etc",,,,,
Site Context,559,purpose,windbreak,purposewindbreak,479,559,,e.g. shelterbelt tree,,,,,
Site Context,560,purpose,erosion,purposeerosion,545,560,,e.g. soil stabilisation/ soil rehabiliation/steep hillsides/shoreline stabilisation,,,,,
Site Context,561,purpose,massplanting,purposemassplanting,211,561,,,,,,,
Site Context,562,purpose,border,purposeborder,937,562,,,,,,,
Site Context,563,purpose,groundcover,purposegroundcover,722,563,,Many databases used this term to describe a plant form. They all went into this category,,,,,
Site Context,564,purpose,fire_retardant,purposefire_retardant,165,564,,Less flammable than other plants..? Only used with this exact term,,,,,
Site Context,565,purpose,edible,purposeedible,383,565,,"anything classed as edible without preperation including tea,herbs, fruit, vegetable, nut",,,,,
Site Context,566,purpose,apiary,purposeapiary,50,566,,bee food or grown for honey production,,,,,
Site Context,567,purpose,sensorytouch,purposesensorytouch,7,567,,plant with textured surfaces appropriate for children,,,,,
Site Context,568,purpose,sensorycolour,purposesensorycolour,28,568,,used in sensory gardens,,,,,
Site Context,569,purpose,cutflowers,purposecutflowers,241,569,,good source of flowers for decoration,,,,,
Site Context,570,purpose,featuretropical,purposefeaturetropical,24,570,,"e.g. poolside plants, palms, tropical garden plants",,,,,
Site Context,571,purpose,featureshrub,purposefeatureshrub,87,571,,or specemin shrub,,,,,
Site Context,572,purpose,sensorysound,purposesensorysound,3,572,,basically just for casurinas when the wind blows through the leaves and makes a nice sound.. We can get rid of it,,,,,
Site Context,573,purpose,cutfoliage,purposecutfoliage,7,573,,foliage used in flower decorations,,,,,
Site Context,574,purpose,feature,purposefeature,1545,574,,for when the plant isn't distinguished as a shrub or tree but can be used as a feature plant,,,,,
Site Context,575,purpose,tea,purposetea,9,575,,you can make tea with the leaves of this plant,,,,,
Site Context,576,purpose,playgroundfriendly,purposeplaygroundfriendly,313,576,,a unique Gardeningwithangus database trait.. Might be useful,,,,,
Site Context,577,purpose,habitat,purposehabitat,693,577,,a Plant_selector_plus trait.. Sounds a bit vague,,,,,
Site Context,578,climate_of_origin,temperate,climate_of_origintemperate,296,578,,,,,,,
Site Context,579,climate_of_origin,arid,climate_of_originarid,105,579,,,,,,,
Site Context,580,climate_of_origin,semiarid,climate_of_originsemiarid,252,580,,,,,,,
Site Context,581,climate_of_origin,tropical,climate_of_origintropical,278,581,,,,,,,
Site Context,582,climate_of_origin,mediterranean,climate_of_originmediterranean,157,582,,,,,,,
Site Context,583,climate_of_origin,montane,climate_of_originmontane,17,583,,,,,,,
Site Context,584,climate_of_origin,subtropical,climate_of_originsubtropical,341,584,,,,,,,
Site Context,585,climate_of_origin,subarctic,climate_of_originsubarctic,1,585,,,,,,,
Site Context,586,climate_of_origin,submediterranean,climate_of_originsubmediterranean,29,586,,,,,,,
Site Context,587,country_of_origin,Australia,country_of_originAustralia,905,587,,,,,,,
Site Context,588,country_of_origin,USA,country_of_originUSA,125,588,,,,,,,
Site Context,589,country_of_origin,S_Africa,country_of_originS_Africa,9,589,,,,,,,
Site Context,590,country_of_origin,PNG,country_of_originPNG,4,590,,,,,,,
Site Context,591,country_of_origin,Canary Islands,country_of_originCanary Islands,1,591,,,,,,,
Site Context,,country_of_origin,Chile,,,,,,,,,,
Site Context,,country_of_origin,Greece,,,,,,,,,,
Site Context,,country_of_origin,Spain,,,,,,,,,,
Site Context,592,country_of_origin,Madagascar,country_of_originMadagascar,2,592,,,,,,,
Site Context,593,country_of_origin,China,country_of_originChina,202,593,,,,,,,
Site Context,594,country_of_origin,Japan,country_of_originJapan,64,594,,,,,,,
Site Context,595,country_of_origin,New Zealand,country_of_originNew Zealand,33,595,,,,,,,
Site Context,596,country_of_origin,UK,country_of_originUK,2,596,,,,,,,
Site Context,597,country_of_origin,India,country_of_originIndia,1,597,,,,,,,
Site Context,598,country_of_origin,Turkey,country_of_originTurkey,1,598,,,,,,,
Site Context,599,country_of_origin,Mexico,country_of_originMexico,79,599,,,,,,,
Site Context,600,country_of_origin,Brazil,country_of_originBrazil,3,600,,,,,,,
Site Context,601,country_of_origin,Morocco,country_of_originMorocco,1,601,,,,,,,
Site Context,602,country_of_origin,New Caledonia,country_of_originNew Caledonia,1,602,,,,,,,
Site Context,603,country_of_origin,Canada,country_of_originCanada,1,603,,,,,,,
Site Context,604,country_of_origin,Iran,country_of_originIran,1,604,,,,,,,
Site Context,605,continent_of_origin,Oceania,continent_of_originOceania,59,605,,,,,,,
Site Context,606,continent_of_origin,Africa,continent_of_originAfrica,13,606,,,,,,,
Site Context,607,continent_of_origin,N_America,continent_of_originN_America,67,607,,,,,N_America,67,606
Site Context,608,continent_of_origin,S_America,continent_of_originS_America,10,608,,,,,S_America,10,607
Site Context,609,continent_of_origin,Europe,continent_of_originEurope,249,609,,,,,Europe,249,608
Site Context,610,continent_of_origin,SE_Asia,continent_of_originSE_Asia,14,610,,,,,SE_Asia,14,609
Site Context,611,continent_of_origin,Asia,continent_of_originAsia,65,611,,,,,Asia,65,610
Site Context,612,ecological_services,bird,ecological_servicesbird,549,612,,bird attracting plant,,,bird,549,611
Site Context,613,ecological_services,pollinator,ecological_servicespollinator,635,613,,pollinator or insect attracting plant,,,pollinator,635,612
Site Context,614,ecological_services,native_mammal,ecological_servicesnative_mammal,77,614,,attracts native mammals (this doesn't include koalas yet),,,native_mammal,77,613
Site Context,615,ecological_services,lizard,ecological_serviceslizard,34,615,,a Gardeningwithangus database trait.. Not sure how this is decided,,,lizard,34,614
Site Context,616,ecological_services,bee,ecological_servicesbee,497,616,,a Gardeningwithangus database trait.. Not sure how this is decided,,,bee,497,615
Planting Risks,617,maintenance_level,low,maintenance_levellow,646,617,,,,,,,
Planting Risks,618,maintenance_level,medium,maintenance_levelmedium,146,618,,,,,,,
Planting Risks,619,maintenance_level,high,maintenance_levelhigh,4,619,,,,,,,
Planting Risks,620,maintenance_activities,pruning,maintenance_activitiespruning,210,620,,requires pruning,,,,,
Planting Risks,621,maintenance_activities,watering,maintenance_activitieswatering,166,621,,requires extra watering in hot periods,,,watering,166,620
Planting Risks,622,maintenance_activities,pest_treatment,maintenance_activitiespest_treatment,1,622,,susceptable to pests,,,pest_treatment,1,621
Planting Risks,623,maintenance_activities,fertiliser,maintenance_activitiesfertiliser,62,623,,apply fertiliser annually,,,seedling_removal,26,623
Planting Risks,624,maintenance_activities,seedling_removal,maintenance_activitiesseedling_removal,26,624,,seedling establishment common surrounding the plant,,,,,
Planting Risks,625,maintenance_activities,mulching,maintenance_activitiesmulching,38,625,,mulch to maintain soil moisture,,,,,
Planting Risks,626,supp_watering,low,supp_wateringlow,1932,626,,,,,,,
Planting Risks,627,supp_watering,medium,supp_wateringmedium,827,627,,,,,,,
Planting Risks,628,supp_watering,high,supp_wateringhigh,186,628,,,,,,,
Planting Risks,629,supp_watering,none,supp_wateringnone,106,629,,,,,,,
Planting Risks,630,weed_status,weed_NSW,weed_statusweed_NSW,12,630,,"Not yet systematically completed, just when it was written",,,,,
Planting Risks,631,weed_status,weed_QLD,weed_statusweed_QLD,8,631,,"Not yet systematically completed, just when it was written",,,weed_NSW,12,629
Planting Risks,632,weed_status,weed_SA,weed_statusweed_SA,5,632,,"Not yet systematically completed, just when it was written",,,weed_QLD,8,630
Planting Risks,633,weed_status,weed_VIC,weed_statusweed_VIC,9,633,,"Not yet systematically completed, just when it was written",,,weed_SA,5,631
Planting Risks,634,weed_status,weed_NT,weed_statusweed_WA,7,635,,"Not yet systematically completed, just when it was written",,,weed_VIC,9,632
Planting Risks,635,weed_status,weed_WA,,0,,,"Not yet systematically completed, just when it was written",,,weed_WA,7,634
Planting Risks,636,weed_status,weed_TAS,weed_statusweed_TAS,1,636,,"Not yet systematically completed, just when it was written",,,weed_TAS,1,635
Planting Risks,637,weed_status,weed_ACT,weed_statusweed_ACT,4,637,,"Not yet systematically completed, just when it was written",,,weed_ACT,4,636
Planting Risks,638,weed_status,weed_National,weed_statusweed_National,4,638,,"Not yet systematically completed, just when it was written",,,weed_National,4,637
Planting Risks,639,rootdisturbance_tolerance,Yes,rootdisturbance_toleranceYes,61,639,,,,,,,
Planting Risks,640,rootdisturbance_tolerance,No,rootdisturbance_toleranceNo,79,640,,e.g. take care not to damage roots in transplanting,,,,,
Planting Risks,641,pestdisease_risk,high,pestdisease_riskhigh,2,641,,,,,,,
Planting Risks,642,pestdisease_risk,medium,pestdisease_riskmedium,46,642,,,,,,,
Planting Risks,643,pestdisease_risk,low,pestdisease_risklow,215,643,,none mentioned,,,,,
Planting Risks,644,pests_diseases,aphids,pests_diseasesaphids,21,644,,,,,,,
Planting Risks,645,pests_diseases,verticillium_wilt,pests_diseasesverticillium_wilt,1,645,,,,,aphids,21,643
Planting Risks,646,pests_diseases,mildew,pests_diseasesmildew,7,646,,,,,verticillium_wilt,1,644
Planting Risks,647,pests_diseases,scale,pests_diseasesscale,50,647,,,,,mildew,7,645
Planting Risks,648,pests_diseases,none_known,pests_diseasesnone_known,90,648,,,,,scale,50,646
Planting Risks,649,pests_diseases,borer,pests_diseasesborer,49,649,,,,,none_known,90,647
Planting Risks,650,pests_diseases,root_rot,pests_diseasesroot_rot,25,650,,,,,borer,49,648
Planting Risks,651,pests_diseases,mites,pests_diseasesmites,6,651,,,,,root_rot,25,649
Planting Risks,652,pests_diseases,moth,pests_diseasesmoth,2,652,,,,,mites,6,650
Planting Risks,653,pests_diseases,caterpillar,pests_diseasescaterpillar,10,653,,,,,moth,2,651
Planting Risks,654,pests_diseases,crown_gall,pests_diseasescrown_gall,5,654,,,,,caterpillar,10,652
Planting Risks,655,pests_diseases,phytopthera,pests_diseasesphytopthera,5,655,,,,,crown_gall,5,653
Planting Risks,656,pests_diseases,planthopper,pests_diseasesplanthopper,1,656,,,,,phytopthera,5,654
Planting Risks,657,pests_diseases,sooty_mould,pests_diseasessooty_mould,9,657,,,,,planthopper,1,655
Planting Risks,658,pests_diseases,Giant_palm_weevil,pests_diseasesGiant_palm_weevil,1,658,,,,,sooty_mould,9,656
Planting Risks,659,pests_diseases,fusarium_wilt,pests_diseasesfusarium_wilt,2,659,,,,,Giant_palm_weevil,1,657
Planting Risks,660,pests_diseases,fungus,pests_diseasesfungus,9,660,,,,,fusarium_wilt,2,658
Planting Risks,661,pests_diseases,myrtle_rust,pests_diseasesmyrtle_rust,2,661,,,,,fungus,9,659
Planting Risks,662,pests_diseases,leaf_minor,pests_diseasesleaf_minor,14,662,,,,,myrtle_rust,2,660
Planting Risks,663,pests_diseases,psylid,pests_diseasespsylid,12,663,,,,,leaf_minor,14,661
Planting Risks,664,pests_diseases,slugs,pests_diseasesslugs,3,664,,,,,psylid,12,662
Planting Risks,665,pests_diseases,leaf_feeding,pests_diseasesleaf_feeding,16,665,,,,,slugs,3,663
Planting Risks,666,pests_diseases,thrips,pests_diseasesthrips,1,666,,,,,leaf_feeding,16,664
Planting Risks,667,pests_diseases,leaf_rust,pests_diseasesleaf_rust,9,667,,,,,thrips,1,665
Planting Risks,668,pests_diseases,canker,pests_diseasescanker,16,668,,,,,leaf_rust,9,666
Planting Risks,669,pests_diseases,Metallic_flea_ beetle,pests_diseasesMetallic_flea_ beetle,1,669,,,,,canker,16,667
Planting Risks,670,pests_diseases,leaf_spot,pests_diseasesleaf_spot,9,670,,,,,Metallic_flea_ beetle,1,668
Planting Risks,671,pests_diseases,mealy_bugs,pests_diseasesmealy_bugs,4,671,,,,,leaf_spot,9,669
Planting Risks,672,pests_diseases,sawfly_larvae,pests_diseasessawfly_larvae,5,672,,,,,mealy_bugs,4,670
Planting Risks,673,pests_diseases,white_fly,pests_diseaseswhite_fly,2,673,,,,,sawfly_larvae,5,671
Planting Risks,674,pests_diseases,web_worm,pests_diseasesweb_worm,2,674,,,,,white_fly,2,672
Planting Risks,675,pests_diseases,leaf_scorch,pests_diseasesleaf_scorch,13,675,,,,,web_worm,2,673
Planting Risks,676,pests_diseases,Dutch_Elm,pests_diseasesDutch_Elm,2,676,,,,,leaf_scorch,13,674
Planting Risks,677,pests_diseases,beetles,pests_diseasesbeetles,9,677,,,,,Dutch_Elm,2,675
Planting Risks,678,pests_diseases,anthracnose,pests_diseasesanthracnose,1,678,,,,,beetles,9,676
Planting Risks,679,pests_diseases,fire_blight,pests_diseasesfire_blight,2,679,,,,,anthracnose,1,677
Planting Risks,680,pests_diseases,gall_wasp,pests_diseasesgall_wasp,1,680,,,,,fire_blight,2,678
Planting Risks,681,pests_diseases,weevil,pests_diseasesweevil,2,681,,,,,gall_wasp,1,679
Planting Risks,682,pests_diseases,oak_wilt,pests_diseasesoak_wilt,1,682,,,,,weevil,2,680
Planting Risks,683,pests_diseases,snails,pests_diseasessnails,3,683,,,,,oak_wilt,1,681
Planting Risks,684,pests_diseases,honey_fungus,pests_diseaseshoney_fungus,2,684,,,,,snails,3,682
Planting Risks,685,pests_diseases,adelgids,pests_diseasesadelgids,2,685,,,,,honey_fungus,2,683
Planting Risks,686,risk,branchdrop,riskbranchdrop,53,686,,plant susceptable to dropping  branches,,,adelgids,2,684
Planting Risks,687,risk,allergen,riskallergen,47,687,,,,,branchdrop,53,685
Planting Risks,688,risk,poison,riskpoison,41,688,,some part of the plant is known to be poisonous,,,allergen,47,686
Planting Risks,689,risk,largesize,risklargesize,107,689,,species grows to a large size and may become a hazard in most urban situations,,,poison,41,687
Planting Risks,690,risk,spikey,riskspikey,41,690,,thorns/spines/spikes/needles on leaves or stems,,,largesize,107,688
Planting Risks,691,risk,possible_weed,riskpossible_weed,205,691,,spreads quickly or is a weed risk,,,spikey,41,689
Planting Risks,692,risk,fruitfall,riskfruitfall,103,692,,e.g. this species drops fruit and requires maintenance in urban areas,,,possible_weed,210,690
Planting Risks,693,risk,litterfall,risklitterfall,65,693,,drops a lot of leaf litter,,,fruitfall,103,691
Planting Risks,694,risk,disease_prone,riskdisease_prone,14,694,,,,,litterfall,65,692
Planting Risks,695,risk,suckering,risksuckering,49,695,,the roots are known to sucker and cause secondary growth/plants,,,disease_prone,14,693
Planting Risks,696,risk,infrastructure_damage,riskinfrastructure_damage,46,696,,known to be at risk of causing damage to infrastructure,,,suckering,49,694
Planting Risks,697,risk,highly_flammable,riskhighly_flammable,3,697,,,,,infrastructure_damage,46,695
Planting Risks,698,risk,sap_fall,risksap_fall,3,698,,drops sap on the pavement,,,highly_flammable,3,696
Planting Risks,699,risk,malodorous,riskmalodorous,3,699,,smells bad,,,sap_fall,3,697
Planting Risks,700,invasive_roots,non_invasive,invasive_rootsnon_invasive,41,700,,,,,non_invasive,41,699
Planting Risks,701,invasive_roots,surface,invasive_rootssurface,61,701,,forms large surface roots that might be a hazard,,,surface,61,700
Planting Risks,702,invasive_roots,sewer_2,invasive_rootssewer_2,15,702,,from Plant selector plus,,,sewer_2,15,701
Planting Risks,703,invasive_roots,sewer_3.5,invasive_rootssewer_3.5,30,703,,from Plant selector plus,,,sewer_3.5,30,702
Planting Risks,704,invasive_roots,sewer_4,invasive_rootssewer_4,14,704,,from Plant selector plus,,,sewer_4,14,703
Planting Risks,705,invasive_roots,sewer_6,invasive_rootssewer_6,62,705,,from Plant selector plus,,,sewer_6,62,704
Planting Risks,706,invasive_roots,sewer_10,invasive_rootssewer_10,10,706,,from Plant selector plus,,,sewer_10,10,705
Planting Risks,707,invasive_roots,buttress,invasive_rootsbuttress,10,707,,forms large buttress roots,,,buttress,10,706
Planting Risks,708,invasive_roots,sewer_20,invasive_rootssewer_20,13,708,,NSW standard for risk plantings close to sewar pipes,,,sewer_20,13,707
Planting Risks,709,invasive_roots,invasive,invasive_rootsinvasive,34,709,,when this is the only word mentioned,,,invasive,34,708
Planting Risks,710,root_depth,deep,root_depthdeep,53,710,,These probably need combining with root volume category,,,,,
Planting Risks,711,root_depth,shallow,root_depthshallow,55,711,,These probably need combining with root volume category,,,,,
